Title, Stock, price_currency, Price, category
A Light in the Attic,22,�,5177,Poetry
Tipping the Velvet,20,�,5374,Historical Fiction
Soumission,20,�,5010,Fiction
Sharp Objects,20,�,4782,Mystery
Sapiens: A Brief History of Humankind,20,�,5423,History
The Requiem Red,19,�,2265,Young Adult
The Dirty Little Secrets of Getting Your Dream Job,19,�,3334,Business
The Coming Woman: A Novel Based on the Life of the Infamous Feminist, Victoria Woodhull,19,�,1793,Default
The Boys in the Boat: Nine Americans and Their Epic Quest for Gold at the 1936 Berlin Olympics,19,�,2260,Default
The Black Maria,19,�,5215,Poetry
Starving Hearts (Triangular Trade Trilogy, #1),19,�,1399,Default
Shakespeare's Sonnets,19,�,2066,Poetry
Set Me Free,19,�,1746,Young Adult
Scott Pilgrim's Precious Little Life (Scott Pilgrim #1),19,�,5229,Sequential Art
Rip it Up and Start Again,19,�,3502,Music
Our Band Could Be Your Life: Scenes from the American Indie Underground, 1981-1991,19,�,5725,Music
Olio,19,�,2388,Poetry
Mesaerion: The Best Science Fiction Stories 1800-1849,19,�,3759,Science Fiction
Libertarianism for Beginners,19,�,5133,Politics
It's Only the Himalayas,19,�,4517,Travel
In Her Wake,19,�,1284,Thriller
How Music Works,19,�,3732,Music
Foolproof Preserving: A Guide to Small Batch Jams, Jellies, Pickles, Condiments, and More: A Foolproof Guide to Making Small Batch Jams, Jellies, Pickles, Condiments, and More,19,�,3052,Food and Drink
Chase Me (Paris Nights #2),19,�,2527,Romance
Black Dust,19,�,3453,Romance
Birdsong: A Story in Pictures,19,�,5464,Childrens
America's Cradle of Quarterbacks: Western Pennsylvania's Football Factory from Johnny Unitas to Joe Montana,19,�,2250,Default
Aladdin and His Wonderful Lamp,19,�,5313,Default
Worlds Elsewhere: Journeys Around Shakespeare�s Globe,18,�,4030,Nonfiction
Wall and Piece,18,�,4418,Art
The Four Agreements: A Practical Guide to Personal Freedom,18,�,1766,Spirituality
The Five Love Languages: How to Express Heartfelt Commitment to Your Mate,18,�,3105,Nonfiction
The Elephant Tree,18,�,2382,Thriller
The Bear and the Piano,18,�,3689,Childrens
Sophie's World,18,�,1594,Philosophy
Penny Maybe,18,�,3329,Default
Maude (1883-1993):She Grew Up with the country,18,�,1802,Default
In a Dark, Dark Wood,18,�,1963,Mystery
Behind Closed Doors,18,�,5222,Thriller
You can't bury them all: Poems,17,�,3363,Poetry
Slow States of Collapse: Poems,17,�,5731,Poetry
Reasons to Stay Alive,17,�,2641,Nonfiction
Private Paris (Private #10),17,�,4761,Fiction
#HigherSelfie: Wake Up Your Life. Free Your Soul. Find Your Tribe.,17,�,2311,Nonfiction
Without Borders (Wanderlove #1),16,�,4507,New Adult
When We Collided,16,�,3177,Contemporary
We Love You, Charlie Freeman,16,�,5027,Fiction
Untitled Collection: Sabbath Poems 2014,16,�,1427,Poetry
Unseen City: The Majesty of Pigeons, the Discreet Charm of Snails & Other Wonders of the Urban Wilderness,16,�,4418,Nonfiction
Unicorn Tracks,16,�,1878,Fantasy
Unbound: How Eight Technologies Made Us Human, Transformed Society, and Brought Our World to the Brink,16,�,2552,History
Tsubasa: WoRLD CHRoNiCLE 2 (Tsubasa WoRLD CHRoNiCLE #2),16,�,1628,Sequential Art
Throwing Rocks at the Google Bus: How Growth Became the Enemy of Prosperity,16,�,3112,Nonfiction
This One Summer,16,�,1949,Sequential Art
Thirst,16,�,1727,Fiction
The Torch Is Passed: A Harding Family Story,16,�,1909,Add a comment
The Secret of Dreadwillow Carse,16,�,5613,Childrens
The Pioneer Woman Cooks: Dinnertime: Comfort Classics, Freezer Food, 16-Minute Meals, and Other Delicious Ways to Solve Supper!,16,�,5641,Food and Drink
The Past Never Ends,16,�,5650,Mystery
The Natural History of Us (The Fine Art of Pretending #2),16,�,4522,Young Adult
The Nameless City (The Nameless City #1),16,�,3816,Sequential Art
The Murder That Never Was (Forensic Instincts #5),16,�,5411,Fiction
The Most Perfect Thing: Inside (and Outside) a Bird's Egg,16,�,4296,Science
The Mindfulness and Acceptance Workbook for Anxiety: A Guide to Breaking Free from Anxiety, Phobias, and Worry Using Acceptance and Commitment Therapy,16,�,2389,Add a comment
The Life-Changing Magic of Tidying Up: The Japanese Art of Decluttering and Organizing,16,�,1677,Nonfiction
The Inefficiency Assassin: Time Management Tactics for Working Smarter, Not Longer,16,�,2059,Default
The Gutsy Girl: Escapades for Your Life of Epic Adventure,16,�,3713,Nonfiction
The Electric Pencil: Drawings from Inside State Hospital No. 3,16,�,5606,Nonfiction
The Death of Humanity: and the Case for Life,16,�,5811,Philosophy
The Bulletproof Diet: Lose up to a Pound a Day, Reclaim Energy and Focus, Upgrade Your Life,16,�,4905,Health
The Art Forger,16,�,4076,Add a comment
The Age of Genius: The Seventeenth Century and the Birth of the Modern Mind,16,�,1973,History
The Activist's Tao Te Ching: Ancient Advice for a Modern Revolution,16,�,3224,Spirituality
Spark Joy: An Illustrated Master Class on the Art of Organizing and Tidying Up,16,�,4183,Nonfiction
Soul Reader,16,�,3958,Default
Security,16,�,3925,Horror
Saga, Volume 6 (Saga (Collected Editions) #6),16,�,2502,Fantasy
Saga, Volume 5 (Saga (Collected Editions) #5),16,�,5104,Sequential Art
Reskilling America: Learning to Labor in the Twenty-First Century,16,�,1983,Nonfiction
Rat Queens, Vol. 3: Demons (Rat Queens (Collected Editions) #11-15),16,�,5040,Sequential Art
Princess Jellyfish 2-in-1 Omnibus, Vol. 01 (Princess Jellyfish 2-in-1 Omnibus #1),16,�,1361,Sequential Art
Princess Between Worlds (Wide-Awake Princess #5),16,�,1334,Fantasy
Pop Gun War, Volume 1: Gift,16,�,1897,Sequential Art
Political Suicide: Missteps, Peccadilloes, Bad Calls, Backroom Hijinx, Sordid Pasts, Rotten Breaks, and Just Plain Dumb Mistakes in the Annals of American Politics,16,�,3628,History
Patience,16,�,1016,Sequential Art
Outcast, Vol. 1: A Darkness Surrounds Him (Outcast #1),16,�,1544,Sequential Art
orange: The Complete Collection 1 (orange: The Complete Collection #1),16,�,4841,Sequential Art
Online Marketing for Busy Authors: A Step-By-Step Guide,16,�,4635,Self Help
On a Midnight Clear,16,�,1407,Add a comment
Obsidian (Lux #1),16,�,1486,Young Adult
My Paris Kitchen: Recipes and Stories,16,�,3337,Food and Drink
Masks and Shadows,16,�,5640,Fantasy
Mama Tried: Traditional Italian Cooking for the Screwed, Crude, Vegan, and Tattooed,16,�,1402,Food and Drink
Lumberjanes, Vol. 2: Friendship to the Max (Lumberjanes #5-8),16,�,4691,Sequential Art
Lumberjanes, Vol. 1: Beware the Kitten Holy (Lumberjanes #1-4),16,�,4561,Sequential Art
Lumberjanes Vol. 3: A Terrible Plan (Lumberjanes #9-12),16,�,1992,Sequential Art
Layered: Baking, Building, and Styling Spectacular Cakes,16,�,4011,Food and Drink
Judo: Seven Steps to Black Belt (an Introductory Guide for Beginners),16,�,5390,Add a comment
Join,16,�,3567,Science Fiction
In the Country We Love: My Family Divided,16,�,2200,Nonfiction
Immunity: How Elie Metchnikoff Changed the Course of Modern Medicine,16,�,5736,Science
I Hate Fairyland, Vol. 1: Madly Ever After (I Hate Fairyland (Compilations) #1-5),16,�,2917,Sequential Art
I am a Hero Omnibus Volume 1,16,�,5463,Sequential Art
How to Be Miserable: 40 Strategies You Already Use,16,�,4603,Self Help
Her Backup Boyfriend (The Sorensen Family #1),16,�,3397,Romance
Giant Days, Vol. 2 (Giant Days #5-8),16,�,2211,Sequential Art
Forever and Forever: The Courtship of Henry Longfellow and Fanny Appleton,16,�,2969,Historical Fiction
First and First (Five Boroughs #3),16,�,1597,Romance
Fifty Shades Darker (Fifty Shades #2),16,�,2196,Romance
Everydata: The Misinformation Hidden in the Little Data You Consume Every Day,16,�,5435,Nonfiction
Don't Be a Jerk: And Other Practical Advice from Dogen, Japan's Greatest Zen Master,16,�,3797,Religion
Danganronpa Volume 1,16,�,5199,Sequential Art
Crown of Midnight (Throne of Glass #2),16,�,4329,Fantasy
Codename Baboushka, Volume 1: The Conclave of Death,16,�,3672,Sequential Art
Camp Midnight,16,�,1708,Sequential Art
Call the Nurse: True Stories of a Country Nurse on a Scottish Isle,16,�,2914,Nonfiction
Burning,16,�,2881,Young Adult
Bossypants,16,�,4946,Default
Bitch Planet, Vol. 1: Extraordinary Machine (Bitch Planet (Collected Editions)),16,�,3792,Sequential Art
Avatar: The Last Airbender: Smoke and Shadow, Part 3 (Smoke and Shadow #3),16,�,2809,Fantasy
Algorithms to Live By: The Computer Science of Human Decisions,16,�,3081,Nonfiction
A World of Flavor: Your Gluten Free Passport,16,�,4295,Default
A Piece of Sky, a Grain of Rice: A Memoir in Four Meditations,16,�,5676,Default
A Murder in Time,16,�,1664,Mystery
A Flight of Arrows (The Pathfinders #2),16,�,5553,Historical Fiction
A Fierce and Subtle Poison,16,�,2813,Young Adult
A Court of Thorns and Roses (A Court of Thorns and Roses #1),16,�,5237,Fantasy
(Un)Qualified: How God Uses Broken People to Do Big Things,16,�,5400,Christian
You Are What You Love: The Spiritual Power of Habit,15,�,2187,Religion
William Shakespeare's Star Wars: Verily, A New Hope (William Shakespeare's Star Wars #4),15,�,4330,Science Fiction
Tuesday Nights in 1980,15,�,2104,Fiction
Tracing Numbers on a Train,15,�,4160,Default
Throne of Glass (Throne of Glass #1),15,�,3507,Fantasy
Thomas Jefferson and the Tripoli Pirates: The Forgotten War That Changed American History,15,�,5964,History
Thirteen Reasons Why,15,�,5272,Default
The White Cat and the Monk: A Retelling of the Poem �Pangur B�n�,15,�,5808,Childrens
The Wedding Dress,15,�,2412,Romance
The Vacationers,15,�,4215,Fiction
The Third Wave: An Entrepreneur�s Vision of the Future,15,�,1261,Business
The Stranger,15,�,1744,Philosophy
The Shadow Hero (The Shadow Hero),15,�,3314,Sequential Art
The Secret (The Secret #1),15,�,2737,Default
The Regional Office Is Under Attack!,15,�,5136,Fiction
The Psychopath Test: A Journey Through the Madness Industry,15,�,3600,Default
The Project,15,�,1065,Science Fiction
The Power of Now: A Guide to Spiritual Enlightenment,15,�,4354,Nonfiction
The Omnivore's Dilemma: A Natural History of Four Meals,15,�,3821,Nonfiction
The Nerdy Nummies Cookbook: Sweet Treats for the Geek in All of Us,15,�,3734,Food and Drink
The Murder of Roger Ackroyd (Hercule Poirot #4),15,�,4410,Mystery
The Mistake (Off-Campus #2),15,�,4329,New Adult
The Matchmaker's Playbook (Wingmen Inc. #1),15,�,5585,New Adult
The Love and Lemons Cookbook: An Apple-to-Zucchini Celebration of Impromptu Cooking,15,�,3760,Food and Drink
The Long Shadow of Small Ghosts: Murder and Memory in an American City,15,�,1097,Crime
The Kite Runner,15,�,4182,Default
The House by the Lake,15,�,3695,Historical Fiction
The Glittering Court (The Glittering Court #1),15,�,4428,Fantasy
The Girl on the Train,15,�,5502,Default
The Genius of Birds,15,�,1724,Nonfiction
The Emerald Mystery,15,�,2315,Default
The Cookies & Cups Cookbook: 125+ sweet & savory recipes reminding you to Always Eat Dessert First,15,�,4125,Food and Drink
The Bridge to Consciousness: I'm Writing the Bridge Between Science and Our Old and New Beliefs.,15,�,3200,Default
The Artist's Way: A Spiritual Path to Higher Creativity,15,�,3849,Nonfiction
The Art of War,15,�,3334,Default
The Argonauts,15,�,1093,Autobiography
The 10% Entrepreneur: Live Your Startup Dream Without Quitting Your Day Job,15,�,2755,Business
Suddenly in Love (Lake Haven #1),15,�,5599,Romance
Something More Than This,15,�,1624,Romance
Soft Apocalypse,15,�,2612,Science Fiction
So You've Been Publicly Shamed,15,�,1223,Nonfiction
Shoe Dog: A Memoir by the Creator of NIKE,15,�,2399,Business
Shobu Samurai, Project Aryoku (#3),15,�,2906,Add a comment
Secrets and Lace (Fatal Hearts #1),15,�,2027,Default
Scarlett Epstein Hates It Here,15,�,4355,Young Adult
Romero and Juliet: A Tragic Tale of Love and Zombies,15,�,3694,Default
Redeeming Love,15,�,2047,Christian Fiction
Poses for Artists Volume 1 - Dynamic and Sitting Poses: An Essential Reference for Figure Drawing and the Human Form,15,�,4106,Default
Poems That Make Grown Women Cry,15,�,1419,Poetry
Nightingale, Sing,15,�,3828,Young Adult
Night Sky with Exit Wounds,15,�,4105,Poetry
Mrs. Houdini,15,�,3025,Historical Fiction
Modern Romance,15,�,2826,Add a comment
Miss Peregrine�s Home for Peculiar Children (Miss Peregrine�s Peculiar Children #1),15,�,1076,Default
Louisa: The Extraordinary Life of Mrs. Adams,15,�,1685,Biography
Little Red,15,�,1347,Childrens
Library of Souls (Miss Peregrine�s Peculiar Children #3),15,�,4856,Young Adult
Large Print Heart of the Pride,15,�,1915,Default
I Had a Nice Time And Other Lies...: How to find love & sh*t like that,15,�,5736,Womens Fiction
Hollow City (Miss Peregrine�s Peculiar Children #2),15,�,4298,Fantasy
Grumbles,15,�,2216,Default
Full Moon over Noah�s Ark: An Odyssey to Mount Ararat and Beyond,15,�,4943,Travel
Frostbite (Vampire Academy #2),15,�,2999,Young Adult
Follow You Home,15,�,2136,Horror
First Steps for New Christians (Print Edition),15,�,2900,Default
Finders Keepers (Bill Hodges Trilogy #2),15,�,5353,Fiction
Fables, Vol. 1: Legends in Exile (Fables #1),15,�,4162,Sequential Art
Eureka Trivia 6.0,15,�,5459,Default
Drive: The Surprising Truth About What Motivates Us,15,�,3495,Default
Done Rubbed Out (Reightman & Bailey #1),15,�,3772,Default
Doing It Over (Most Likely To #1),15,�,3561,Romance
Deliciously Ella Every Day: Quick and Easy Recipes for Gluten-Free Snacks, Packed Lunches, and Simple Meals,15,�,4216,Food and Drink
Dark Notes,15,�,1919,Erotica
Daring Greatly: How the Courage to Be Vulnerable Transforms the Way We Live, Love, Parent, and Lead,15,�,1943,Nonfiction
Close to You,15,�,4946,Christian Fiction
Chasing Heaven: What Dying Taught Me About Living,15,�,3780,Spirituality
Big Magic: Creative Living Beyond Fear,15,�,3080,Nonfiction
Becoming Wise: An Inquiry into the Mystery and Art of Living,15,�,2743,Nonfiction
Beauty Restored (Riley Family Legacy Novellas #3),15,�,1111,Default
Batman: The Long Halloween (Batman),15,�,3650,Sequential Art
Batman: The Dark Knight Returns (Batman),15,�,1538,Sequential Art
Ayumi's Violin,15,�,1548,Default
Anonymous,15,�,4682,Default
Amy Meets the Saints and Sages,15,�,1846,Default
Amid the Chaos,15,�,3658,Cultural
Amatus,15,�,5054,Default
Agnostic: A Spirited Manifesto,15,�,1251,Nonfiction
Zealot: The Life and Times of Jesus of Nazareth,14,�,2470,History
You (You #1),14,�,4361,Thriller
Wonder Woman: Earth One, Volume One (Wonder Woman: Earth One #1),14,�,3734,Sequential Art
Wild Swans,14,�,1436,Young Adult
Why the Right Went Wrong: Conservatism--From Goldwater to the Tea Party and Beyond,14,�,5265,Politics
Whole Lotta Creativity Going On: 60 Fun and Unusual Exercises to Awaken and Strengthen Your Creativity,14,�,3820,Nonfiction
What's It Like in Space?: Stories from Astronauts Who've Been There,14,�,1960,Nonfiction
We Are Robin, Vol. 1: The Vigilante Business (We Are Robin #1),14,�,5390,Sequential Art
Walt Disney's Alice in Wonderland,14,�,1296,Childrens
V for Vendetta (V for Vendetta Complete),14,�,3710,Default
Until Friday Night (The Field Party #1),14,�,4631,Young Adult
Unbroken: A World War II Story of Survival, Resilience, and Redemption,14,�,4595,Default
Twenty Yawns,14,�,2208,Childrens
Through the Woods,14,�,2538,Sequential Art
This Is Where It Ends,14,�,2712,Young Adult
The Year of Magical Thinking,14,�,4304,Nonfiction
The Wright Brothers,14,�,5680,Default
The White Queen (The Cousins' War #1),14,�,2591,Add a comment
The Wedding Pact (The O'Malleys #2),14,�,3261,Romance
The Time Keeper,14,�,2788,Fiction
The Testament of Mary,14,�,5267,Fiction
The Star-Touched Queen,14,�,4602,Fantasy
The Songs of the Gods,14,�,4448,Default
The Song of Achilles,14,�,3740,Add a comment
The Rosie Project (Don Tillman #1),14,�,5404,Default
The Power of Habit: Why We Do What We Do in Life and Business,14,�,1688,Default
The Marriage of Opposites,14,�,2808,Historical Fiction
The Lucifer Effect: Understanding How Good People Turn Evil,14,�,1040,Psychology
The Long Haul (Diary of a Wimpy Kid #9),14,�,4407,Humor
The Loney,14,�,2340,Horror
The Literature Book (Big Ideas Simply Explained),14,�,1743,Nonfiction
The Last Mile (Amos Decker #2),14,�,5421,Mystery
The Immortal Life of Henrietta Lacks,14,�,4067,Add a comment
The Hidden Oracle (The Trials of Apollo #1),14,�,5226,Fantasy
The Help Yourself Cookbook for Kids: 60 Easy Plant-Based Recipes Kids Can Make to Stay Healthy and Save the Earth,14,�,2877,Food and Drink
The Guilty (Will Robie #4),14,�,1382,Thriller
The First Hostage (J.B. Collins #2),14,�,2585,Fiction
The Dovekeepers,14,�,4878,Add a comment
The Darkest Lie,14,�,3535,Young Adult
The Bane Chronicles (The Bane Chronicles #1-11),14,�,4473,Fantasy
The Bad-Ass Librarians of Timbuktu: And Their Race to Save the World�s Most Precious Manuscripts,14,�,1577,Nonfiction
The 14th Colony (Cotton Malone #11),14,�,3924,Thriller
That Darkness (Gardiner and Renner #1),14,�,1392,Mystery
Tastes Like Fear (DI Marnie Rome #3),14,�,1069,Mystery
Take Me with You,14,�,4521,Fiction
Swell: A Year of Waves,14,�,4558,Nonfiction
Superman Vol. 1: Before Truth (Superman by Gene Luen Yang #1),14,�,1189,Sequential Art
Still Life with Bread Crumbs,14,�,2641,Fiction
Steve Jobs,14,�,3950,Default
Sorting the Beef from the Bull: The Science of Food Fraud Forensics,14,�,4474,Science
Someone Like You (The Harrisons #2),14,�,5279,Contemporary
So Cute It Hurts!!, Vol. 6 (So Cute It Hurts!! #6),14,�,3543,Sequential Art
Shtum,14,�,5584,Fiction
See America: A Celebration of Our National Parks & Treasured Sites,14,�,4887,Travel
salt.,14,�,4678,Poetry
Robin War,14,�,4782,Sequential Art
Red Hood/Arsenal, Vol. 1: Open for Business (Red Hood/Arsenal #1),14,�,2548,Sequential Art
Rain Fish,14,�,2357,Childrens
Quarter Life Poetry: Poems for the Young, Broke and Hangry,14,�,5089,Poetry
Pet Sematary,14,�,1056,Horror
Overload: How to Unplug, Unwind, and Unleash Yourself from the Pressure of Stress,14,�,5215,Self Help
Once Was a Time,14,�,1828,Childrens
Old School (Diary of a Wimpy Kid #10),14,�,1183,Humor
No Dream Is Too High: Life Lessons From a Man Who Walked on the Moon,14,�,2195,Nonfiction
Naruto (3-in-1 Edition), Vol. 14: Includes Vols. 40, 41 & 42 (Naruto: Omnibus #14),14,�,3839,Sequential Art
My Name Is Lucy Barton,14,�,4156,Fiction
My Mrs. Brown,14,�,2448,Fiction
My Kind of Crazy,14,�,4036,Young Adult
Mr. Mercedes (Bill Hodges Trilogy #1),14,�,2890,Fiction
More Than Music (Chasing the Dream #1),14,�,3761,Add a comment
Made to Stick: Why Some Ideas Survive and Others Die,14,�,3885,Business
Luis Paints the World,14,�,5395,Childrens
Luckiest Girl Alive,14,�,4983,Default
Lowriders to the Center of the Earth (Lowriders in Space #2),14,�,5151,Sequential Art
Love Is a Mix Tape (Music #1),14,�,1803,Music
Looking for Lovely: Collecting the Moments that Matter,14,�,2914,Nonfiction
Living Leadership by Insight: A Good Leader Achieves, a Great Leader Builds Monuments,14,�,4691,Default
Let It Out: A Journey Through Journaling,14,�,2679,Nonfiction
Lady Midnight (The Dark Artifices #1),14,�,1628,Default
It's All Easy: Healthy, Delicious Weeknight Meals in under 30 Minutes,14,�,1955,Food and Drink
Island of Dragons (Unwanteds #7),14,�,2965,Fantasy
I Know What I'm Doing -- and Other Lies I Tell Myself: Dispatches from a Life Under Construction,14,�,2598,Humor
I Am Pilgrim (Pilgrim #1),14,�,1060,Fiction
Hyperbole and a Half: Unfortunate Situations, Flawed Coping Mechanisms, Mayhem, and Other Things That Happened,14,�,1475,Humor
Hush, Hush (Hush, Hush #1),14,�,4702,Default
Hold Your Breath (Search and Rescue #1),14,�,2882,Romance
Hamilton: The Revolution,14,�,5879,Nonfiction
Greek Mythic History,14,�,1023,Default
God: The Most Unpleasant Character in All Fiction,14,�,3003,Religion
Glory over Everything: Beyond The Kitchen House,14,�,4584,Historical Fiction
Feathers: Displays of Brilliant Plumage,14,�,4905,Art
Far & Away: Places on the Brink of Change: Seven Continents, Twenty-Five Years,14,�,1506,Nonfiction
Every Last Word,14,�,4647,Default
Eligible (The Austen Project #4),14,�,2709,Fiction
El Deafo,14,�,5762,Sequential Art
Eight Hundred Grapes,14,�,1439,Fiction
Eaternity: More than 150 Deliciously Easy Vegan Recipes for a Long, Healthy, Satisfied, Joyful Life,14,�,5175,Nonfiction
Eat Fat, Get Thin,14,�,5407,Health
Don't Get Caught,14,�,5535,Young Adult
Doctor Sleep (The Shining #2),14,�,4012,Horror
Demigods & Magicians: Percy and Annabeth Meet the Kanes (Percy Jackson & Kane Chronicles Crossover #1-3),14,�,3751,Fantasy
Dear Mr. Knightley,14,�,1121,Fiction
Daily Fantasy Sports,14,�,3658,Default
Crazy Love: Overwhelmed by a Relentless God,14,�,4772,Christian
Cometh the Hour (The Clifton Chronicles #6),14,�,2501,Fiction
Code Name Verity (Code Name Verity #1),14,�,2213,Add a comment
Clockwork Angel (The Infernal Devices #1),14,�,4414,Default
City of Glass (The Mortal Instruments #3),14,�,5602,Fantasy
City of Fallen Angels (The Mortal Instruments #4),14,�,1123,Default
City of Bones (The Mortal Instruments #1),14,�,4328,Default
City of Ashes (The Mortal Instruments #2),14,�,4727,Default
Cell,14,�,2029,Add a comment
Catching Jordan (Hundred Oaks),14,�,5083,Young Adult
Carry On, Warrior: Thoughts on Life Unarmed,14,�,3185,Default
Carrie,14,�,4623,Default
Buying In: The Secret Dialogue Between What We Buy and Who We Are,14,�,3780,Nonfiction
Brain on Fire: My Month of Madness,14,�,4932,Nonfiction
Batman: Europa,14,�,3201,Sequential Art
Barefoot Contessa Back to Basics,14,�,2801,Food and Drink
Barefoot Contessa at Home: Everyday Recipes You'll Make Over and Over Again,14,�,5062,Food and Drink
Balloon Animals,14,�,1703,Fiction
Art Ops Vol. 1,14,�,4880,Sequential Art
Aristotle and Dante Discover the Secrets of the Universe (Aristotle and Dante Discover the Secrets of the Universe #1),14,�,5814,Young Adult
Angels Walking (Angels Walking #1),14,�,3420,Add a comment
Angels & Demons (Robert Langdon #1),14,�,5148,Default
All the Light We Cannot See,14,�,2987,Historical
"Adulthood Is a Myth: A ""Sarah's Scribbles"" Collection,14,�,1090,Sequential Art"
Abstract City,14,�,5637,Nonfiction
A Time of Torment (Charlie Parker #14),14,�,4835,Mystery
A Study in Scarlet (Sherlock Holmes #1),14,�,1673,Mystery
A Series of Catastrophes and Miracles: A True Story of Love, Science, and Cancer,14,�,5648,Add a comment
A People's History of the United States,14,�,4079,Add a comment
A Man Called Ove,14,�,3972,Fiction
A Distant Mirror: The Calamitous 14th Century,14,�,1458,History
A Brush of Wings (Angels Walking #3),14,�,5551,Add a comment
1491: New Revelations of the Americas Before Columbus,14,�,2180,History
The Three Searches, Meaning, and the Story,13,�,1333,Default
Searching for Meaning in Gailana,13,�,3873,Fantasy
Rook,13,�,3786,Add a comment
My Kitchen Year: 136 Recipes That Saved My Life,13,�,1153,Food and Drink
13 Hours: The Inside Account of What Really Happened In Benghazi,13,�,2706,Nonfiction
Will You Won't You Want Me?,12,�,1386,Womens Fiction
Tipping Point for Planet Earth: How Close Are We to the Edge?,12,�,3755,Science
The Star-Touched Queen,12,�,3230,Fantasy
The Silent Sister (Riley MacPherson #1),12,�,4629,Fiction
The Midnight Watch: A Novel of the Titanic and the Californian,12,�,2620,Add a comment
The Lonely City: Adventures in the Art of Being Alone,12,�,3326,Nonfiction
The Gray Rhino: How to Recognize and Act on the Obvious Dangers We Ignore,12,�,5915,Add a comment
The Golden Condom: And Other Essays on Love Lost and Found,12,�,3943,Psychology
The Epidemic (The Program 0.6),12,�,1444,Young Adult
The Dinner Party,12,�,5654,Fiction
The Diary of a Young Girl,12,�,5990,Nonfiction
The Children,12,�,1188,Add a comment
Stars Above (The Lunar Chronicles #4.5),12,�,4805,Young Adult
Snatched: How A Drug Queen Went Undercover for the DEA and Was Kidnapped By Colombian Guerillas,12,�,2121,Nonfiction
Raspberry Pi Electronics Projects for the Evil Genius,12,�,4967,Default
Quench Your Own Thirst: Business Lessons Learned Over a Beer or Two,12,�,4314,Business
Psycho: Sanitarium (Psycho #1.5),12,�,3697,Horror
Poisonous (Max Revere Novels #3),12,�,2680,Mystery
One with You (Crossfire #5),12,�,1571,Add a comment
No Love Allowed (Dodge Cove #1),12,�,5465,Young Adult
Murder at the 42nd Street Library (Raymond Ambler #1),12,�,5436,Mystery
Most Wanted,12,�,3528,Mystery
Love, Lies and Spies,12,�,2055,Historical Fiction
How to Speak Golf: An Illustrated Guide to Links Lingo,12,�,5832,Default
Hide Away (Eve Duncan #20),12,�,1184,Mystery
Furiously Happy: A Funny Book About Horrible Things,12,�,4146,Nonfiction
Everyday Italian: 125 Simple and Delicious Recipes,12,�,2010,Food and Drink
Equal Is Unfair: America's Misguided Fight Against Income Inequality,12,�,5686,Politics
Eleanor & Park,12,�,5651,Default
Dirty (Dive Bar #1),12,�,4083,Romance
Can You Keep a Secret? (Fear Street Relaunch #4),12,�,4864,Horror
Boar Island (Anna Pigeon #19),12,�,5948,Mystery
A Paris Apartment,12,�,3901,Historical Fiction
A la Mode: 120 Recipes in 60 Pairings: Pies, Tarts, Cakes, Crisps, and More Topped with Ice Cream, Gelato, Frozen Custard, and More,12,�,3877,Food and Drink
Troublemaker: Surviving Hollywood and Scientology,11,�,4839,Default
The Widow,11,�,2726,Mystery
The Sleep Revolution: Transforming Your Life, One Night at a Time,11,�,1168,Nonfiction
The Improbability of Love,11,�,5945,Fiction
The Art of Startup Fundraising,11,�,2100,Business
Take Me Home Tonight (Rock Star Romance #3),11,�,5398,Romance
Sleeping Giants (Themis Files #1),11,�,4874,Science Fiction
Setting the World on Fire: The Brief, Astonishing Life of St. Catherine of Siena,11,�,2115,Biography
Playing with Fire,11,�,1371,Mystery
Off the Hook (Fishing for Trouble #1),11,�,4767,Romance
Mothering Sunday,11,�,1334,Fiction
Mother, Can You Not?,11,�,1689,Nonfiction
M Train,11,�,2718,Autobiography
Lilac Girls,11,�,1728,Historical Fiction
Lies and Other Acts of Love,11,�,4514,Fiction
Lab Girl,11,�,4085,Autobiography
Keep Me Posted,11,�,2046,Womens Fiction
It Didn't Start with You: How Inherited Family Trauma Shapes Who We Are and How to End the Cycle,11,�,5627,Psychology
Grey (Fifty Shades #4),11,�,4849,Womens Fiction
Exit, Pursued by a Bear,11,�,5134,Young Adult
Daredevils,11,�,1634,Fiction
Cravings: Recipes for What You Want to Eat,11,�,2050,Food and Drink
Born for This: How to Find the Work You Were Meant to Do,11,�,2159,Business
Arena,11,�,2136,Science Fiction
Adultery,11,�,2088,Default
A Mother's Reckoning: Living in the Aftermath of Tragedy,11,�,1953,Nonfiction
A Gentleman's Position (Society of Gentlemen #3),11,�,1475,Romance
11/22/63,11,�,4848,Fiction
10% Happier: How I Tamed the Voice in My Head, Reduced Stress Without Losing My Edge, and Found Self-Help That Actually Works,10,�,2457,Nonfiction
10-Day Green Smoothie Cleanse: Lose Up to 15 Pounds in 10 Days!,10,�,4971,Health
Without Shame,9,�,4827,Add a comment
Watchmen,9,�,5805,Add a comment
Unlimited Intuition Now,9,�,5887,Default
Underlying Notes,9,�,1182,Default
The Shack,9,�,2803,Fiction
The New Brand You: Your New Image Makes the Sale for You,9,�,4405,Default
The Moosewood Cookbook: Recipes from Moosewood Restaurant, Ithaca, New York,9,�,1234,Food and Drink
The Flowers Lied,9,�,1668,Default
The Fabric of the Cosmos: Space, Time, and the Texture of Reality,9,�,5591,Science
The Book of Mormon,9,�,2457,Religion
The Art and Science of Low Carbohydrate Living,9,�,5298,Health
The Alien Club,9,�,5440,Young Adult
Suzie Snowflake: One beautiful flake (a self-esteem story),9,�,5481,Novels
Nap-a-Roo,9,�,2508,Childrens
NaNo What Now? Finding your editing process, revising your NaNoWriMo book and building a writing career through publishing and beyond,9,�,1041,Default
Modern Day Fables,9,�,4744,Default
If I Gave You God's Phone Number....: Searching for Spirituality in America,9,�,2091,Spirituality
Fruits Basket, Vol. 9 (Fruits Basket #9),9,�,3395,Sequential Art
Dress Your Family in Corduroy and Denim,9,�,4368,Humor
Don't Forget Steven,9,�,3323,Young Adult
Chernobyl 01:23:40: The Incredible True Story of the World's Worst Nuclear Disaster,9,�,3592,Nonfiction
Art and Fear: Observations on the Perils (and Rewards) of Artmaking,9,�,4863,Art
A Shard of Ice (The Black Symphony Saga #1),9,�,5663,Fantasy
A Hero's Curse (The Unseen Chronicles #1),9,�,5049,Add a comment
23 Degrees South: A Tropical Tale of Changing Whether...,9,�,3579,Add a comment
Zero to One: Notes on Startups, or How to Build the Future,8,�,3406,Nonfiction
Why Not Me?,8,�,1776,Nonfiction
When Breath Becomes Air,8,�,3936,Nonfiction
Vagabonding: An Uncommon Guide to the Art of Long-Term World Travel,8,�,3694,Travel
The Unlikely Pilgrimage of Harold Fry (Harold Fry #1),8,�,4362,Default
The New Drawing on the Right Side of the Brain,8,�,4302,Art
The Midnight Assassin: Panic, Scandal, and the Hunt for America's First Serial Killer,8,�,2845,Nonfiction
The Martian (The Martian #1),8,�,4139,Default
The High Mountains of Portugal,8,�,5115,Fiction
The Grownup,8,�,3588,Short Stories
The E-Myth Revisited: Why Most Small Businesses Don't Work and What to Do About It,8,�,3691,Business
South of Sunshine,8,�,2893,Young Adult
Smarter Faster Better: The Secrets of Being Productive in Life and Business,8,�,3889,Nonfiction
Silence in the Dark (Logan Point #4),8,�,5833,Suspense
Shadows of the Past (Logan Point #1),8,�,3967,Christian Fiction
Roller Girl,8,�,1410,Sequential Art
Rising Strong,8,�,2182,Nonfiction
Proofs of God: Classical Arguments from Tertullian to Barth,8,�,5421,Philosophy
Please Kill Me: The Uncensored Oral History of Punk,8,�,3119,Music
Out of Print: City Lights Spotlight No. 14,8,�,5364,Poetry
My Life Next Door (My Life Next Door ),8,�,3639,Young Adult
Miller's Valley,8,�,5854,Fiction
Man's Search for Meaning,8,�,2948,Nonfiction
Love That Boy: What Two Presidents, Eight Road Trips, and My Son Taught Me About a Parent's Expectations,8,�,2506,Nonfiction
Living Forward: A Proven Plan to Stop Drifting and Get the Life You Want,8,�,1255,Nonfiction
Les Fleurs du Mal,8,�,2904,Poetry
Left Behind (Left Behind #1),8,�,4072,Default
Kill 'Em and Leave: Searching for James Brown and the American Soul,8,�,4505,Music
Kierkegaard: A Christian Missionary to Christians,8,�,4713,Philosophy
John Vassos: Industrial Design for Modern Life,8,�,2022,Default
I'll Give You the Sun,8,�,5648,Default
I Will Find You,8,�,4421,Nonfiction
Hystopia: A Novel,8,�,2196,Fiction
Howl and Other Poems,8,�,4045,Poetry
History of Beauty,8,�,1029,Art
Heaven is for Real: A Little Boy's Astounding Story of His Trip to Heaven and Back,8,�,5286,Default
Future Shock (Future Shock #1),8,�,5565,Young Adult
Ender's Game (The Ender Quintet #1),8,�,4364,Default
Diary of a Citizen Scientist: Chasing Tiger Beetles and Other New Ways of Engaging the World,8,�,2841,Science
Death by Leisure: A Cautionary Tale,8,�,3751,Default
Brilliant Beacons: A History of the American Lighthouse,8,�,1145,History
Brazen: The Courage to Find the You That's Been Hiding,8,�,1922,Nonfiction
Between the World and Me,8,�,5691,Nonfiction
Being Mortal: Medicine and What Matters in the End,8,�,5506,Nonfiction
A Murder Over a Girl: Justice, Gender, Junior High,8,�,1320,Nonfiction
32 Yolks,8,�,5363,Food and Drink
"""Most Blessed of the Patriarchs"": Thomas Jefferson and the Empire of the Imagination,8,�,4448,History"
You Are a Badass: How to Stop Doubting Your Greatness and Start Living an Awesome Life,7,�,1208,Self Help
Wildlife of New York: A Five-Borough Coloring Book,7,�,2214,Default
What Happened on Beale Street (Secrets of the South Mysteries #2),7,�,2537,Mystery
Unreasonable Hope: Finding Faith in the God Who Brings Purpose to Your Pain,7,�,4633,Spirituality
Under the Tuscan Sun,7,�,3733,Travel
Toddlers Are A**holes: It's Not Your Fault,7,�,2555,Humor
The Year of Living Biblically: One Man's Humble Quest to Follow the Bible as Literally as Possible,7,�,3472,Default
The Whale,7,�,3596,Childrens
The Story of Art,7,�,4114,Art
The Origin of Species,7,�,1001,Science
The Great Gatsby,7,�,3605,Default
The Good Girl,7,�,4903,Default
The Glass Castle,7,�,1624,Add a comment
The Faith of Christopher Hitchens: The Restless Soul of the World's Most Notorious Atheist,7,�,3955,Biography
The Drowning Girls,7,�,3567,Add a comment
The Constant Princess (The Tudor Court #1),7,�,1662,Historical Fiction
The Bourne Identity (Jason Bourne #1),7,�,4278,Fiction
The Bachelor Girl's Guide to Murder (Herringford and Watts Mysteries #1),7,�,5230,Mystery
The Art Book,7,�,3234,Art
The 7 Habits of Highly Effective People: Powerful Lessons in Personal Change,7,�,3317,Default
Team of Rivals: The Political Genius of Abraham Lincoln,7,�,2012,Add a comment
Steal Like an Artist: 10 Things Nobody Told You About Being Creative,7,�,2090,Default
Sit, Stay, Love,7,�,2090,Romance
Sister Dear,7,�,4020,Fiction
Shrunken Treasures: Literary Classics, Short, Sweet, and Silly,7,�,5287,Childrens
Rich Dad, Poor Dad,7,�,5174,Business
Raymie Nightingale,7,�,3441,Childrens
Playing from the Heart,7,�,3238,Childrens
Nightstruck: A Novel,7,�,5035,Young Adult
Naturally Lean: 125 Nourishing Gluten-Free, Plant-Based Recipes--All Under 300 Calories,7,�,1138,Food and Drink
Meternity,7,�,4358,Womens Fiction
Memoirs of a Geisha,7,�,4967,Fiction
Like Never Before (Walker Family #2),7,�,2877,Christian Fiction
Life of Pi,7,�,1322,Default
Leave This Song Behind: Teen Poetry at Its Best,7,�,5117,Poetry
King's Folly (The Kinsman Chronicles #1),7,�,3961,Fantasy
John Adams,7,�,5743,Add a comment
How to Cook Everything Vegetarian: Simple Meatless Recipes for Great Food (How to Cook Everything),7,�,4601,Food and Drink
How to Be a Domestic Goddess: Baking and the Art of Comfort Cooking,7,�,2825,Food and Drink
Good in Bed (Cannie Shapiro #1),7,�,3705,Add a comment
Fruits Basket, Vol. 7 (Fruits Basket #7),7,�,1957,Sequential Art
For the Love: Fighting for Grace in a World of Impossible Standards,7,�,4513,Nonfiction
Finding God in the Ruins: How God Redeems Pain,7,�,4664,Nonfiction
Every Heart a Doorway (Every Heart A Doorway #1),7,�,1216,Fantasy
Delivering the Truth (Quaker Midwife Mystery #1),7,�,2089,Mystery
Counted With the Stars (Out from Egypt #1),7,�,1797,Christian Fiction
Chronicles, Vol. 1,7,�,5260,Music
Blue Like Jazz: Nonreligious Thoughts on Christian Spirituality,7,�,2577,Christian
Benjamin Franklin: An American Life,7,�,4819,Biography
At The Existentialist Caf�: Freedom, Being, and apricot cocktails with: Jean-Paul Sartre, Simone de Beauvoir, Albert Camus, Martin Heidegger, Edmund Husserl, Karl Jaspers, Maurice Merleau-Ponty and others,7,�,2993,Philosophy
A Summer In Europe,7,�,4434,Travel
A Short History of Nearly Everything,7,�,5240,History
A Gathering of Shadows (Shades of Magic #2),7,�,4481,Fantasy
The Sound Of Love,6,�,5784,Default
The Rise and Fall of the Third Reich: A History of Nazi Germany,6,�,3967,History
The Perks of Being a Wallflower,6,�,5502,Default
The Mysterious Affair at Styles (Hercule Poirot #1),6,�,2480,Mystery
The Man Who Mistook His Wife for a Hat and Other Clinical Tales,6,�,5945,Nonfiction
The Makings of a Fatherless Child,6,�,3158,Default
The Joy of Cooking,6,�,4327,Add a comment
The Invention of Wings,6,�,3734,Historical Fiction
The Hobbit (Middle-Earth Universe),6,�,1780,Default
The Great Railway Bazaar,6,�,3054,Travel
The Golden Compass (His Dark Materials #1),6,�,1877,Add a comment
The God Delusion,6,�,4685,Add a comment
The Girl You Left Behind (The Girl You Left Behind #1),6,�,1579,Historical
The Fellowship of the Ring (The Lord of the Rings #1),6,�,1027,Default
The Collected Poems of W.B. Yeats (The Collected Works of W.B. Yeats #1),6,�,1542,Poetry
The Barefoot Contessa Cookbook,6,�,5992,Food and Drink
Tell the Wolves I'm Home,6,�,5096,Young Adult
Ship Leaves Harbor: Essays on Travel by a Recovering Journeyman,6,�,3060,Default
Pride and Prejudice,6,�,1927,Add a comment
Musicophilia: Tales of Music and the Brain,6,�,4658,Default
Mere Christianity,6,�,4851,Add a comment
Me Before You (Me Before You #1),6,�,1902,Fiction
In the Woods (Dublin Murder Squad #1),6,�,3838,Mystery
In Cold Blood,6,�,4998,Nonfiction
How to Stop Worrying and Start Living,6,�,4649,Self Help
Give It Back,6,�,1832,Thriller
Girl, Interrupted,6,�,4214,Nonfiction
Fun Home: A Family Tragicomic,6,�,5659,Add a comment
Fruits Basket, Vol. 6 (Fruits Basket #6),6,�,2096,Sequential Art
Deception Point,6,�,4032,Fiction
Death Note, Vol. 6: Give-and-Take (Death Note #6),6,�,3639,Sequential Art
Catherine the Great: Portrait of a Woman,6,�,5855,History
Better Homes and Gardens New Cook Book,6,�,3961,Food and Drink
An Unquiet Mind: A Memoir of Moods and Madness,6,�,2130,Psychology
A Year in Provence (Provence #1),6,�,5688,Travel
World Without End (The Pillars of the Earth #2),5,�,3297,Historical Fiction
Will Grayson, Will Grayson (Will Grayson, Will Grayson),5,�,4731,Young Adult
Why Save the Bankers?: And Other Essays on Our Economic and Political Crisis,5,�,4867,Nonfiction
Where She Went (If I Stay #2),5,�,4173,Young Adult
What If?: Serious Scientific Answers to Absurd Hypothetical Questions,5,�,5368,Default
Two Summers,5,�,1464,Young Adult
This Is Your Brain on Music: The Science of a Human Obsession,5,�,3840,Music
The Secret Garden,5,�,1508,Classics
The Raven King (The Raven Cycle #4),5,�,3057,Add a comment
The Raven Boys (The Raven Cycle #1),5,�,5774,Fantasy
The Power Greens Cookbook: 140 Delicious Superfood Recipes,5,�,1105,Food and Drink
The Metamorphosis,5,�,2858,Classics
The Mathews Men: Seven Brothers and the War Against Hitler's U-boats,5,�,4291,History
The Little Paris Bookshop,5,�,2473,Fiction
The Hiding Place,5,�,5591,History
The Grand Design,5,�,1376,Science
The Firm,5,�,4556,Fiction
The Fault in Our Stars,5,�,4722,Default
The False Prince (The Ascendance Trilogy #1),5,�,5600,Fantasy
The Expatriates,5,�,4458,Fiction
The Dream Thieves (The Raven Cycle #2),5,�,3450,Default
The Darkest Corners,5,�,1133,Young Adult
The Crossover,5,�,3877,Poetry
The 5th Wave (The 5th Wave #1),5,�,1183,Default
Tell the Wind and Fire,5,�,4551,Fantasy
Tell Me Three Things,5,�,4181,Young Adult
Talking to Girls About Duran Duran: One Young Man's Quest for True Love and a Cooler Haircut,5,�,2515,Nonfiction
Siddhartha,5,�,3422,Fiction
Shiver (The Wolves of Mercy Falls #1),5,�,1623,Default
Remember Me?,5,�,1148,Default
Red Dragon (Hannibal Lecter #1),5,�,2337,Horror
Peak: Secrets from the New Science of Expertise,5,�,1628,Science
My Mother Was Nuts,5,�,3163,Nonfiction
Mexican Today: New and Rediscovered Recipes for Contemporary Kitchens,5,�,2491,Food and Drink
Maybe Something Beautiful: How Art Transformed a Neighborhood,5,�,2254,Childrens
Lola and the Boy Next Door (Anna and the French Kiss #2),5,�,2363,Young Adult
Logan Kade (Fallen Crest High #5.5),5,�,1312,Academic
Last One Home (New Beginnings #1),5,�,5998,Fiction
Killing Floor (Jack Reacher #1),5,�,3149,Thriller
Kill the Boy Band,5,�,1552,Young Adult
Isla and the Happily Ever After (Anna and the French Kiss #3),5,�,4813,Young Adult
If I Stay (If I Stay #1),5,�,3813,Default
I Know Why the Caged Bird Sings (Maya Angelou's Autobiography #1),5,�,3655,Default
Harry Potter and the Deathly Hallows (Harry Potter #7),5,�,2332,Default
Fruits Basket, Vol. 5 (Fruits Basket #5),5,�,1633,Sequential Art
Foundation (Foundation (Publication Order) #1),5,�,3242,Science Fiction
Fool Me Once,5,�,1696,Default
Find Her (Detective D.D. Warren #8),5,�,2237,Add a comment
Evicted: Poverty and Profit in the American City,5,�,4227,Add a comment
Drama,5,�,3870,Default
Dracula the Un-Dead,5,�,3563,Horror
Digital Fortress,5,�,5800,Fiction
Death Note, Vol. 5: Whiteout (Death Note #5),5,�,5241,Sequential Art
Data, A Love Story: How I Gamed Online Dating to Meet My Match,5,�,3235,Nonfiction
Critique of Pure Reason,5,�,2075,Philosophy
Booked,5,�,1749,Poetry
Blue Lily, Lily Blue (The Raven Cycle #3),5,�,3413,Default
Approval Junkie: Adventures in Caring Too Much,5,�,5881,Autobiography
An Abundance of Katherines,5,�,1000,Young Adult
America's War for the Greater Middle East: A Military History,5,�,5122,History
Alight (The Generations Trilogy #2),5,�,5859,Default
A Girl's Guide to Moving On (New Beginnings #2),5,�,3130,Romance
A Game of Thrones (A Song of Ice and Fire #1),5,�,4642,Add a comment
A Feast for Crows (A Song of Ice and Fire #4),5,�,1721,Fantasy
A Clash of Kings (A Song of Ice and Fire #2),5,�,1079,Add a comment
Vogue Colors A to Z: A Fashion Coloring Book,4,�,5235,Default
The Shining (The Shining #1),4,�,2788,Default
The Pilgrim's Progress,4,�,5026,Classics
The Perfect Play (Play by Play #1),4,�,5999,Romance
The Passion of Dolssa,4,�,2832,Historical Fiction
The Jazz of Physics: The Secret Link Between Music and the Structure of the Universe,4,�,3871,Nonfiction
The Hunger Games (The Hunger Games #1),4,�,2985,Default
The Hound of the Baskervilles (Sherlock Holmes #5),4,�,1482,Classics
The Gunning of America: Business and the Making of American Gun Culture,4,�,1681,Nonfiction
The Geography of Bliss: One Grump's Search for the Happiest Places in the World,4,�,2823,Nonfiction
The Demonists (Demonist #1),4,�,5211,Fantasy
The Demon Prince of Momochi House, Vol. 4 (The Demon Prince of Momochi House #4),4,�,2788,Sequential Art
The Bone Hunters (Lexy Vaughan & Steven Macaulay #2),4,�,5971,Thriller
The Beast (Black Dagger Brotherhood #14),4,�,4608,Fantasy
Some Women,4,�,1373,Womens Fiction
Shopaholic Ties the Knot (Shopaholic #3),4,�,4839,Womens Fiction
Paper and Fire (The Great Library #2),4,�,4945,Fantasy
Outlander (Outlander #1),4,�,1967,Default
Orchestra of Exiles: The Story of Bronislaw Huberman, the Israel Philharmonic, and the One Thousand Jews He Saved from Nazi Horrors,4,�,1236,Music
No One Here Gets Out Alive,4,�,2002,Music
Night Shift (Night Shift #1-20),4,�,1275,Horror
Needful Things,4,�,4751,Horror
Mockingjay (The Hunger Games #3),4,�,2044,Default
Misery,4,�,3479,Horror
Little Women (Little Women #1),4,�,2807,Classics
It,4,�,2501,Horror
Harry Potter and the Sorcerer's Stone (Harry Potter #1),4,�,1390,Default
Harry Potter and the Prisoner of Azkaban (Harry Potter #3),4,�,2417,Young Adult
Harry Potter and the Order of the Phoenix (Harry Potter #5),4,�,3163,Fantasy
Harry Potter and the Half-Blood Prince (Harry Potter #6),4,�,4875,Fantasy
Harry Potter and the Chamber of Secrets (Harry Potter #2),4,�,1474,Fantasy
Gone with the Wind,4,�,3249,Classics
God Is Not Great: How Religion Poisons Everything,4,�,2780,Nonfiction
Girl With a Pearl Earring,4,�,2677,Historical Fiction
Fruits Basket, Vol. 4 (Fruits Basket #4),4,�,5044,Sequential Art
Far From True (Promise Falls Trilogy #2),4,�,3493,Thriller
Dark Lover (Black Dagger Brotherhood #1),4,�,1287,Romance
Confessions of a Shopaholic (Shopaholic #1),4,�,4894,Default
Changing the Game (Play by Play #2),4,�,1338,Romance
Candide,4,�,5863,Classics
Can You Keep a Secret?,4,�,2194,Womens Fiction
Atlas Shrugged,4,�,2658,Fiction
Animal Farm,4,�,5722,Classics
A Walk to Remember,4,�,5643,Romance
A New Earth: Awakening to Your Life's Purpose,4,�,5565,Spirituality
A History of God: The 4,000-Year Quest of Judaism, Christianity, and Islam,4,�,2762,Religion
'Salem's Lot,4,�,4956,Horror
Zero History (Blue Ant #3),3,�,3477,Default
Wuthering Heights,3,�,1773,Classics
World War Z: An Oral History of the Zombie War,3,�,2180,Default
Wild: From Lost to Found on the Pacific Crest Trail,3,�,4602,Default
Where'd You Go, Bernadette,3,�,1813,Default
When You Are Engulfed in Flames,3,�,3089,Humor
We the People: The Modern-Day Figures Who Have Reshaped and Affirmed the Founding Fathers' Vision of America,3,�,3195,Nonfiction
We Are All Completely Beside Ourselves,3,�,2404,Contemporary
Walk the Edge (Thunder Road #2),3,�,3236,Young Adult
Voyager (Outlander #3),3,�,2107,Historical Fiction
Very Good Lives: The Fringe Benefits of Failure and the Importance of Imagination,3,�,5066,Nonfiction
Vegan Vegetarian Omnivore: Dinner for Everyone at the Table,3,�,1366,Food and Drink
Unstuffed: Decluttering Your Home, Mind, and Soul,3,�,5809,Nonfiction
Under the Banner of Heaven: A Story of Violent Faith,3,�,3000,Nonfiction
Two Boys Kissing,3,�,3274,Young Adult
Twilight (Twilight #1),3,�,4193,Default
Twenties Girl,3,�,4280,Womens Fiction
Trespassing Across America: One Man's Epic, Never-Done-Before (and Sort of Illegal) Hike Across the Heartland,3,�,5351,Nonfiction
Three-Martini Lunch,3,�,2321,Fiction
Thinking, Fast and Slow,3,�,2114,Psychology
The Wild Robot,3,�,5607,Childrens
The Wicked + The Divine, Vol. 3: Commercial Suicide (The Wicked + The Divine),3,�,1441,Sequential Art
The Undomestic Goddess,3,�,4575,Womens Fiction
The Travelers,3,�,1577,Thriller
The Tipping Point: How Little Things Can Make a Big Difference,3,�,1002,Add a comment
The Thing About Jellyfish,3,�,4877,Childrens
The Stand,3,�,5786,Horror
The Smitten Kitchen Cookbook,3,�,2359,Food and Drink
The Silkworm (Cormoran Strike #2),3,�,2305,Mystery
The Sandman, Vol. 3: Dream Country (The Sandman (volumes) #3),3,�,5555,Sequential Art
The Rose & the Dagger (The Wrath and the Dawn #2),3,�,5864,Fantasy
The Road to Little Dribbling: Adventures of an American in Britain (Notes From a Small Island #2),3,�,2321,Travel
The Rise of Theodore Roosevelt (Theodore Roosevelt #1),3,�,4257,Biography
The Restaurant at the End of the Universe (Hitchhiker's Guide to the Galaxy #2),3,�,1092,Science Fiction
The Rest Is Noise: Listening to the Twentieth Century,3,�,3477,Add a comment
The Red Tent,3,�,3566,Historical Fiction
The Purpose Driven Life: What on Earth Am I Here for?,3,�,3719,Add a comment
The Purest Hook (Second Circle Tattoos #3),3,�,1225,Romance
The Picture of Dorian Gray,3,�,2970,Classics
The Paris Wife,3,�,3680,Default
The Obsession,3,�,4543,Romance
The Nightingale,3,�,2626,Fiction
The New Guy (and Other Senior Year Distractions),3,�,4492,Young Adult
The Nanny Diaries (Nanny #1),3,�,5253,Womens Fiction
The Name of God is Mercy,3,�,3725,Nonfiction
The Maze Runner (The Maze Runner #1),3,�,2093,Default
The Lover's Dictionary,3,�,5809,Default
The Lonely Ones,3,�,4359,Childrens
The Lean Startup: How Today's Entrepreneurs Use Continuous Innovation to Create Radically Successful Businesses,3,�,3392,Business
The Last Painting of Sara de Vos,3,�,5555,Historical Fiction
The Land of 10,000 Madonnas,3,�,2964,Young Adult
The Infinities,3,�,2741,Fiction
The Husband's Secret,3,�,5251,Fiction
The Hitchhiker's Guide to the Galaxy (Hitchhiker's Guide to the Galaxy #1),3,�,4780,Add a comment
The Guns of August,3,�,1454,History
The Guernsey Literary and Potato Peel Pie Society,3,�,4953,Historical Fiction
The Goldfinch,3,�,4358,Default
The Giver (The Giver Quartet #1),3,�,1230,Default
The Girl with All the Gifts,3,�,4947,Horror
The Girl Who Played with Fire (Millennium Trilogy #2),3,�,2214,Default
The Girl Who Kicked the Hornet's Nest (Millennium Trilogy #3),3,�,5748,Add a comment
The Exiled,3,�,4345,Mystery
The End of Faith: Religion, Terror, and the Future of Reason,3,�,2213,Add a comment
The Elegant Universe: Superstrings, Hidden Dimensions, and the Quest for the Ultimate Theory,3,�,1303,Science
The Disappearing Spoon: And Other True Tales of Madness, Love, and the History of the World from the Periodic Table of the Elements,3,�,5735,Science
The Devil Wears Prada (The Devil Wears Prada #1),3,�,4429,Womens Fiction
The Demon-Haunted World: Science as a Candle in the Dark,3,�,5225,Default
The Day the Crayons Came Home (Crayons),3,�,2633,Childrens
The Da Vinci Code (Robert Langdon #2),3,�,2296,Fiction
The Cuckoo's Calling (Cormoran Strike #1),3,�,1921,Mystery
The Complete Stories and Poems (The Works of Edgar Allan Poe [Cameo Edition]),3,�,2678,Classics
The Complete Poems,3,�,4132,Add a comment
The Catcher in the Rye,3,�,2455,Add a comment
The Cat in the Hat (Beginner Books B-1),3,�,1626,Childrens
The Case for Christ (Cases for Christianity),3,�,4784,Add a comment
The Book Thief,3,�,5349,Default
The Book of Basketball: The NBA According to The Sports Guy,3,�,4484,Sports and Games
The Blind Side: Evolution of a Game,3,�,5371,Add a comment
The Autobiography of Malcolm X,3,�,2343,Default
The Art of Simple Food: Notes, Lessons, and Recipes from a Delicious Revolution,3,�,3432,Food and Drink
The Art of Fielding,3,�,2210,Fiction
Surely You're Joking, Mr. Feynman!: Adventures of a Curious Character,3,�,2583,Science
Stiff: The Curious Lives of Human Cadavers,3,�,3674,Nonfiction
Spilled Milk: Based on a True Story,3,�,4951,Nonfiction
Something Borrowed (Darcy & Rachel #1),3,�,4896,Womens Fiction
Something Blue (Darcy & Rachel #2),3,�,5462,Womens Fiction
Soldier (Talon #3),3,�,2472,Fantasy
Shopaholic & Baby (Shopaholic #5),3,�,4645,Default
Seven Days in the Art World,3,�,5233,Add a comment
Seven Brief Lessons on Physics,3,�,3060,Science
Scarlet (The Lunar Chronicles #2),3,�,1457,Young Adult
Sarah's Key,3,�,4629,Add a comment
Saga, Volume 3 (Saga (Collected Editions) #3),3,�,2157,Sequential Art
Running with Scissors,3,�,1291,Autobiography
Rogue Lawyer (Rogue Lawyer #1),3,�,5011,Add a comment
Rise of the Rocket Girls: The Women Who Propelled Us, from Missiles to the Moon to Mars,3,�,4167,Nonfiction
Rework,3,�,4488,Business
Reservations for Two,3,�,1110,Romance
Red: The True Story of Red Riding Hood,3,�,2854,Childrens
Ready Player One,3,�,1907,Science Fiction
Quiet: The Power of Introverts in a World That Can't Stop Talking,3,�,4355,Default
Prodigy: The Graphic Novel (Legend: The Graphic Novel #2),3,�,4363,Sequential Art
Persepolis: The Story of a Childhood (Persepolis #1-2),3,�,3913,Sequential Art
Packing for Mars: The Curious Science of Life in the Void,3,�,5668,Default
Outliers: The Story of Success,3,�,1416,Nonfiction
Original Fake,3,�,3145,Sequential Art
Orange Is the New Black,3,�,2461,Default
One for the Money (Stephanie Plum #1),3,�,3287,Default
Notes from a Small Island (Notes From a Small Island #1),3,�,4017,Nonfiction
Night (The Night Trilogy #1),3,�,1351,Nonfiction
Neither Here nor There: Travels in Europe,3,�,3895,Travel
Naked,3,�,3169,Humor
Morning Star (Red Rising #3),3,�,2940,Default
Miracles from Heaven: A Little Girl, Her Journey to Heaven, and Her Amazing Story of Healing,3,�,5783,Nonfiction
Midnight Riot (Peter Grant/ Rivers of London - books #1),3,�,5546,Fantasy
Me Talk Pretty One Day,3,�,5760,Autobiography
Manuscript Found in Accra,3,�,3498,Add a comment
Lust & Wonder,3,�,1187,Autobiography
Lila (Gilead #3),3,�,1247,Fiction
Life, the Universe and Everything (Hitchhiker's Guide to the Galaxy #3),3,�,3326,Science Fiction
Life Without a Recipe,3,�,5904,Autobiography
Life After Life,3,�,2613,Default
Letter to a Christian Nation,3,�,2220,Nonfiction
Let's Pretend This Never Happened: A Mostly True Memoir,3,�,4511,Nonfiction
Legend (Legend #1),3,�,4369,Young Adult
Lean In: Women, Work, and the Will to Lead,3,�,2502,Default
Lamb: The Gospel According to Biff, Christ's Childhood Pal,3,�,5550,Humor
Lady Renegades (Rebel Belle #3),3,�,5304,Young Adult
Jurassic Park (Jurassic Park #1),3,�,4497,Fiction
It's Never Too Late to Begin Again: Discovering Creativity and Meaning at Midlife and Beyond,3,�,4238,Nonfiction
Is Everyone Hanging Out Without Me? (And Other Concerns),3,�,2011,Default
Into the Wild,3,�,5670,Nonfiction
Inferno (Robert Langdon #4),3,�,4100,Fiction
In the Garden of Beasts: Love, Terror, and an American Family in Hitler's Berlin,3,�,2885,Nonfiction
If I Run (If I Run #1),3,�,4997,Christian Fiction
I've Got Your Number,3,�,1969,Womens Fiction
I Am Malala: The Girl Who Stood Up for Education and Was Shot by the Taliban,3,�,2888,Nonfiction
Hungry Girl Clean & Hungry: Easy All-Natural Recipes for Healthy Eating in the Real World,3,�,3314,Food and Drink
House of Lost Worlds: Dinosaurs, Dynasties, and the Story of Life on Earth,3,�,4370,History
House of Leaves,3,�,5489,Horror
Horrible Bear!,3,�,3752,Childrens
Holidays on Ice,3,�,5107,Humor
Heir to the Sky,3,�,4407,Fantasy
Green Eggs and Ham (Beginner Books B-16),3,�,1079,Childrens
Grayson, Vol 3: Nemesis (Grayson #3),3,�,4272,Sequential Art
Gratitude,3,�,2666,Nonfiction
Gone Girl,3,�,3760,Default
Golden (Heart of Dread #3),3,�,4221,Young Adult
Girl in the Blue Coat,3,�,4683,Historical Fiction
Fruits Basket, Vol. 3 (Fruits Basket #3),3,�,4517,Sequential Art
Friday Night Lights: A Town, a Team, and a Dream,3,�,5122,Sports and Games
Fire Bound (Sea Haven/Sisters of the Heart #5),3,�,2128,Add a comment
Fifty Shades Freed (Fifty Shades #3),3,�,1536,Adult Fiction
Fellside,3,�,3862,Default
Extreme Prey (Lucas Davenport #26),3,�,2540,Mystery
Eragon (The Inheritance Cycle #1),3,�,4387,Fantasy
Eclipse (Twilight #3),3,�,1874,Default
Dune (Dune #1),3,�,5486,Science Fiction
Dracula,3,�,5262,Default
Do Androids Dream of Electric Sheep? (Blade Runner #1),3,�,5148,Science Fiction
Disrupted: My Misadventure in the Start-Up Bubble,3,�,1528,Nonfiction
Dead Wake: The Last Crossing of the Lusitania,3,�,3924,Default
David and Goliath: Underdogs, Misfits, and the Art of Battling Giants,3,�,1781,Default
Darkfever (Fever #1),3,�,5602,Fantasy
Dark Places,3,�,2390,Default
Crazy Rich Asians (Crazy Rich Asians #1),3,�,4913,Fiction
Counting Thyme,3,�,1062,Childrens
Cosmos,3,�,3617,Add a comment
Civilization and Its Discontents,3,�,5995,Psychology
Cinder (The Lunar Chronicles #1),3,�,2609,Young Adult
Catastrophic Happiness: Finding Joy in Childhood's Messy Years,3,�,3735,Parenting
Career of Evil (Cormoran Strike #3),3,�,2472,Mystery
Breaking Dawn (Twilight #4),3,�,3528,Default
Brave Enough,3,�,5132,Nonfiction
Boy Meets Boy,3,�,2112,Young Adult
Born to Run: A Hidden Tribe, Superathletes, and the Greatest Race the World Has Never Seen,3,�,2735,Nonfiction
Blink: The Power of Thinking Without Thinking,3,�,2174,Nonfiction
Black Flags: The Rise of ISIS,3,�,4087,Nonfiction
Black Butler, Vol. 1 (Black Butler #1),3,�,4931,Sequential Art
Big Little Lies,3,�,2211,Fiction
Between Shades of Gray,3,�,2079,Historical Fiction
Best of My Love (Fool's Gold #20),3,�,2741,Romance
Beowulf,3,�,3835,Classics
Beautiful Creatures (Caster Chronicles #1),3,�,2155,Default
Awkward,3,�,3802,Sequential Art
Ash,3,�,2206,Fantasy
Are We There Yet?,3,�,1066,Childrens
Are We Smart Enough to Know How Smart Animals Are?,3,�,5658,Nonfiction
Annie on My Mind,3,�,3683,Young Adult
And Then There Were None,3,�,3501,Classics
A Walk in the Woods: Rediscovering America on the Appalachian Trail,3,�,3048,Nonfiction
A Visit from the Goon Squad,3,�,1408,Default
A Storm of Swords (A Song of Ice and Fire #3),3,�,3122,Fantasy
A Heartbreaking Work of Staggering Genius,3,�,5429,Autobiography
8 Keys to Mental Health Through Exercise,3,�,3104,Psychology
#GIRLBOSS,3,�,5096,Add a comment
The Suffragettes (Little Black Classics, #96),2,�,1189,Nonfiction
The Sense of an Ending,2,�,3138,Add a comment
The Sandman, Vol. 2: The Doll's House (The Sandman (volumes) #2),2,�,5481,Sequential Art
The Course of Love,2,�,1678,Fiction
Sugar Rush (Offensive Line #2),2,�,2442,Sports and Games
Saga, Volume 2 (Saga (Collected Editions) #2),2,�,1175,Sequential Art
Run, Spot, Run: The Ethics of Keeping Pets,2,�,2002,Philosophy
New Moon (Twilight #2),2,�,1286,Young Adult
Life,2,�,3158,Music
Kindle Paperwhite User's Guide,2,�,3400,Nonfiction
H is for Hawk,2,�,5742,Nonfiction
Girl Online On Tour (Girl Online #2),2,�,5347,Young Adult
Fruits Basket, Vol. 2 (Fruits Basket #2),2,�,1164,Sequential Art
Diary of a Minecraft Zombie Book 1: A Scare of a Dare (An Unofficial Minecraft Book),2,�,5288,Childrens
Y: The Last Man, Vol. 1: Unmanned (Y: The Last Man #1),1,�,1851,Sequential Art
While You Were Mine,1,�,4132,Historical Fiction
Where Lightning Strikes (Bleeding Stars #3),1,�,3977,Romance
When I'm Gone,1,�,5196,Fiction
Ways of Seeing,1,�,3951,Art
Vampire Knight, Vol. 1 (Vampire Knight #1),1,�,1540,Paranormal
Vampire Girl (Vampire Girl #1),1,�,5382,Fantasy
Twenty Love Poems and a Song of Despair,1,�,3095,Poetry
Travels with Charley: In Search of America,1,�,5782,Nonfiction
Three Wishes (River of Time: California #1),1,�,4418,Science Fiction
This One Moment (Pushing Limits #1),1,�,4871,Romance
The Zombie Room,1,�,1969,Default
The Wicked + The Divine, Vol. 1: The Faust Act (The Wicked + The Divine),1,�,3652,Sequential Art
The Tumor,1,�,4156,Nonfiction
The Story of Hong Gildong,1,�,4319,Classics
The Silent Wife,1,�,1234,Fiction
The Silent Twin (Detective Jennifer Knight #3),1,�,3625,Fantasy
The Selfish Gene,1,�,2945,Science
The Secret Healer,1,�,3456,Historical Fiction
The Sandman, Vol. 1: Preludes and Nocturnes (The Sandman (volumes) #1),1,�,5412,Sequential Art
The Republic,1,�,3378,Add a comment
The Odyssey,1,�,2964,Add a comment
The No. 1 Ladies' Detective Agency (No. 1 Ladies' Detective Agency #1),1,�,5770,Mystery
The Nicomachean Ethics,1,�,3634,Philosophy
The Name of the Wind (The Kingkiller Chronicle #1),1,�,5059,Default
The Mirror & the Maze (The Wrath and the Dawn #1.5),1,�,2938,Fantasy
The Little Prince,1,�,4542,Classics
The Light of the Fireflies,1,�,5443,Add a comment
The Last Girl (The Dominion Trilogy #1),1,�,3626,Science Fiction
The Iliad,1,�,1616,Add a comment
The Hook Up (Game On #1),1,�,3629,New Adult
The Haters,1,�,2789,Young Adult
The Girl You Lost,1,�,1229,Mystery
The Girl In The Ice (DCI Erika Foster #1),1,�,1585,Mystery
The End of the Jesus Era (An Investigation #1),1,�,1440,Nonfiction
The Edge of Reason (Bridget Jones #2),1,�,1918,Womens Fiction
The Complete Maus (Maus #1-2),1,�,1064,Sequential Art
The Communist Manifesto,1,�,1476,Add a comment
The Bhagavad Gita,1,�,5749,Religion
The Bette Davis Club,1,�,3066,Fiction
The Art of Not Breathing,1,�,4083,Young Adult
Taking Shots (Assassins #1),1,�,1888,Default
Starlark,1,�,2583,Historical Fiction
Skip Beat!, Vol. 01 (Skip Beat! #1),1,�,4212,Sequential Art
Sister Sable (The Mad Queen #1),1,�,1333,Fantasy
Shatter Me (Shatter Me #1),1,�,4240,Default
Shameless,1,�,5835,New Adult
Shadow Rites (Jane Yellowrock #10),1,�,2172,Fantasy
Settling the Score (The Summer Games #1),1,�,4491,Sports and Games
Sense and Sensibility,1,�,3746,Classics
Saga, Volume 1 (Saga (Collected Editions) #1),1,�,2848,Sequential Art
Rhythm, Chord & Malykhin,1,�,2834,Romance
Rat Queens, Vol. 1: Sass & Sorcery (Rat Queens (Collected Editions) #1-5),1,�,4696,Sequential Art
Paradise Lost (Paradise #1),1,�,2496,Default
Paper Girls, Vol. 1 (Paper Girls #1-5),1,�,2171,Sequential Art
Ouran High School Host Club, Vol. 1 (Ouran High School Host Club #1),1,�,2987,Sequential Art
Origins (Alphas 0.5),1,�,2899,Fantasy
One Second (Seven #7),1,�,5294,Fantasy
On the Road (Duluoz Legend),1,�,3236,Default
Old Records Never Die: One Man's Quest for His Vinyl and His Past,1,�,5566,Music
Off Sides (Off #1),1,�,3945,New Adult
Of Mice and Men,1,�,4711,Classics
Myriad (Prentor #1),1,�,5875,Fantasy
My Perfect Mistake (Over the Top #1),1,�,3892,Romance
Ms. Marvel, Vol. 1: No Normal (Ms. Marvel (2014-2015) #1),1,�,3939,Sequential Art
Meditations,1,�,2589,Philosophy
Matilda,1,�,2834,Childrens
Lost Among the Living,1,�,2770,Historical Fiction
Lord of the Flies,1,�,2489,Add a comment
Listen to Me (Fusion #1),1,�,5899,Romance
Kitchens of the Great Midwest,1,�,5720,Fiction
Jane Eyre,1,�,3843,Default
Imperfect Harmony,1,�,3474,Romance
Icing (Aces Hockey #2),1,�,4044,Sports and Games
Hawkeye, Vol. 1: My Life as a Weapon (Hawkeye #1),1,�,4524,Sequential Art
Having the Barbarian's Baby (Ice Planet Barbarians #7.5),1,�,3496,Science Fiction
Giant Days, Vol. 1 (Giant Days #1-4),1,�,5676,Sequential Art
Fruits Basket, Vol. 1 (Fruits Basket #1),1,�,4028,Sequential Art
Frankenstein,1,�,3800,Default
Forever Rockers (The Rocker #12),1,�,2880,Music
Fighting Fate (Fighting #6),1,�,3924,Romance
Emma,1,�,3293,Classics
Eat, Pray, Love,1,�,5132,Nonfiction
Deep Under (Walker Security #1),1,�,4709,Romance
Choosing Our Religion: The Spiritual Lives of America's Nones,1,�,2842,Religion
Charlie and the Chocolate Factory (Charlie Bucket #1),1,�,2285,Childrens
Charity's Cross (Charles Towne Belles #4),1,�,4124,Romance
Bright Lines,1,�,3907,Fiction
Bridget Jones's Diary (Bridget Jones #1),1,�,2982,Womens Fiction
Bounty (Colorado Mountain #7),1,�,3726,Romance
Blood Defense (Samantha Brinkman #1),1,�,2030,Mystery
Bleach, Vol. 1: Strawberry and the Soul Reapers (Bleach #1),1,�,3465,Sequential Art
Beyond Good and Evil,1,�,4338,Philosophy
Alice in Wonderland (Alice's Adventures in Wonderland #1),1,�,5553,Classics
Ajin: Demi-Human, Volume 1 (Ajin: Demi-Human #1),1,�,5706,Sequential Art
A Spy's Devotion (The Regency Spies of London #1),1,�,1697,Historical Fiction
1st to Die (Women's Murder Club #1),1,�,5398,Mystery
1,000 Places to See Before You Die,1,�,2608,Travel
